INSERT INTO Revendedor VALUES(15459431000190,'TESTE2LTDA','BRUNO','CUIBA','MT')
INSERT INTO Revendedor VALUES(15459431000191,'TESTELTDA','THIAGO','CAMPINAS','SP')
INSERT INTO Revendedor VALUES(15459431000192,'TESTE2LTDA','ALINE','CAMPOGRANDE','MS')
INSERT INTO Revendedor VALUES(15459431000193,'TESTE3LTDA','ALEX','CURITIBA','PR')
INSERT INTO Revendedor VALUES(15459431000194,'TESTE4LTDA','RAFAEL','SP','SP')
SELECT CNPJ FROM Revendedor
	WHERE Estado='SP'

INSERT INTO Cliente VALUES (0001,'THIAGO_SILVA','RUA_1',12332112312)
INSERT INTO Cliente VALUES (0002,'BRUNA_SILVA','RUA_2',12434112412)
INSERT INTO Cliente VALUES (0003,'THIAGO_OLIVEIRA','RUA_3',12331112312)
INSERT INTO Cliente VALUES (0004,'ALINE_FARIAS','RUA_4',13332282312)

SELECT * FROM Cliente

SELECT * FROM Cliente
WHERE Nome LIKE '%SILVA%'

INSERT INTO Automovel VALUES (01,2010,'FIAT','PALIO','BRASIL',15000)
INSERT INTO Automovel VALUES (02,2011,'FIAT','SIENA','BRASIL',20000)
INSERT INTO Automovel VALUES (03,2013,'FORD','KA','BRASIL',25000)
INSERT INTO Automovel VALUES (04,2014,'FORD','FIESTA','BRASIL',27000)
INSERT INTO Automovel VALUES (05,2010,'VW','GOL','BRASIL',30000)
INSERT INTO Automovel VALUES (06,2015,'FIAT','PALIO','BRASIL',35000)
INSERT INTO Automovel VALUES (07,2016,'FIAT','PALIO','BRASIL',40000)
INSERT INTO Automovel VALUES (08,2014,'FORD','FIESTA','FRANCES',27000)
INSERT INTO Automovel VALUES (09,2010,'VW','GOL','FRANCES',30000)
INSERT INTO Automovel VALUES (10,2015,'FIAT','PALIO','FRANCES',35000)
INSERT INTO Automovel VALUES (11,2016,'FIAT','PALIO','FRANCES',40000)

SELECT * FROM Automovel
	WHERE PrecoTabela BETWEEN 15000 AND 30000

INSERT INTO Estoque VALUES(01,2010,15459431000190,2)
INSERT INTO Estoque VALUES(02,2011,15459431000194,5)
INSERT INTO Estoque VALUES(07,2016,15459431000191,7)
INSERT INTO Estoque VALUES(02,2011,15459431000192,1)
INSERT INTO Estoque VALUES(03,2013,15459431000193,1)

SELECT CNPJ FROM estoque
	where quantidade >=2

SELECT Fabricante, SUM(PRECOTABELA) FROM Automovel
GROUP BY Fabricante


INSERT INTO NEGOCIO VALUES (01,2010,02,15459431000191,'2016-01-01', 21000)
INSERT INTO NEGOCIO VALUES (02,2011,01,15459431000191,'2016-01-02', 25000)
INSERT INTO NEGOCIO VALUES (07,2016,03,15459431000190,'2016-01-01', 21000)
INSERT INTO NEGOCIO VALUES (01,2010,02,15459431000192,'2016-01-01', 28000)
INSERT INTO NEGOCIO VALUES (02,2011,04,15459431000193,'2016-02-01', 30000)
INSERT INTO NEGOCIO VALUES (01,2010,02,15459431000193,'2016-01-01', 21000)

SELECT CNPJ,AVG(PRECOVENDA) FROM NEGOCIO
GROUP BY CNPJ


SELECT * FROM AUTOMOVEL
WHERE PAIS ='FRANCES'
ORDER BY PRECOTABELA DESC